Protein,Drug,Cell_lines
14622,DB00381,A375
8484,DB00381,A375
11175,DB00381,A375
16430,DB00381,A375
807,DB00381,A375
9356,DB00381,A375
16366,DB00381,A375
3151,DB00381,A375
4218,DB00381,A375
12144,DB00381,A375
10069,DB00381,A375
13692,DB00381,A375
6772,DB00381,A375
5167,DB00381,A375
17295,DB00381,A375
9791,DB00381,A375
9650,DB00381,A375
7985,DB00381,A375
14622,DB00381,A549
8484,DB00381,A549
11175,DB00381,A549
16430,DB00381,A549
807,DB00381,A549
9356,DB00381,A549
16366,DB00381,A549
3151,DB00381,A549
4218,DB00381,A549
12144,DB00381,A549
10069,DB00381,A549
13692,DB00381,A549
6772,DB00381,A549
5167,DB00381,A549
17295,DB00381,A549
9791,DB00381,A549
9650,DB00381,A549
7985,DB00381,A549
14622,DB00381,HEPG2
8484,DB00381,HEPG2
11175,DB00381,HEPG2
16430,DB00381,HEPG2
807,DB00381,HEPG2
9356,DB00381,HEPG2
16366,DB00381,HEPG2
3151,DB00381,HEPG2
4218,DB00381,HEPG2
12144,DB00381,HEPG2
10069,DB00381,HEPG2
13692,DB00381,HEPG2
6772,DB00381,HEPG2
5167,DB00381,HEPG2
17295,DB00381,HEPG2
9791,DB00381,HEPG2
9650,DB00381,HEPG2
7985,DB00381,HEPG2
14622,DB00381,HT29
8484,DB00381,HT29
11175,DB00381,HT29
16430,DB00381,HT29
807,DB00381,HT29
9356,DB00381,HT29
16366,DB00381,HT29
3151,DB00381,HT29
4218,DB00381,HT29
12144,DB00381,HT29
10069,DB00381,HT29
13692,DB00381,HT29
6772,DB00381,HT29
5167,DB00381,HT29
17295,DB00381,HT29
9791,DB00381,HT29
9650,DB00381,HT29
7985,DB00381,HT29
14622,DB00381,MCF7
8484,DB00381,MCF7
11175,DB00381,MCF7
16430,DB00381,MCF7
807,DB00381,MCF7
9356,DB00381,MCF7
16366,DB00381,MCF7
3151,DB00381,MCF7
4218,DB00381,MCF7
12144,DB00381,MCF7
10069,DB00381,MCF7
13692,DB00381,MCF7
6772,DB00381,MCF7
5167,DB00381,MCF7
17295,DB00381,MCF7
9791,DB00381,MCF7
9650,DB00381,MCF7
7985,DB00381,MCF7
14622,DB00381,NPC
8484,DB00381,NPC
11175,DB00381,NPC
16430,DB00381,NPC
807,DB00381,NPC
9356,DB00381,NPC
16366,DB00381,NPC
3151,DB00381,NPC
4218,DB00381,NPC
12144,DB00381,NPC
10069,DB00381,NPC
13692,DB00381,NPC
6772,DB00381,NPC
5167,DB00381,NPC
17295,DB00381,NPC
9791,DB00381,NPC
9650,DB00381,NPC
7985,DB00381,NPC
14622,DB00381,HA1E
8484,DB00381,HA1E
11175,DB00381,HA1E
16430,DB00381,HA1E
807,DB00381,HA1E
9356,DB00381,HA1E
16366,DB00381,HA1E
3151,DB00381,HA1E
4218,DB00381,HA1E
12144,DB00381,HA1E
10069,DB00381,HA1E
13692,DB00381,HA1E
6772,DB00381,HA1E
5167,DB00381,HA1E
17295,DB00381,HA1E
9791,DB00381,HA1E
9650,DB00381,HA1E
7985,DB00381,HA1E
14622,DB00381,HCC515
8484,DB00381,HCC515
11175,DB00381,HCC515
16430,DB00381,HCC515
807,DB00381,HCC515
9356,DB00381,HCC515
16366,DB00381,HCC515
3151,DB00381,HCC515
4218,DB00381,HCC515
12144,DB00381,HCC515
10069,DB00381,HCC515
13692,DB00381,HCC515
6772,DB00381,HCC515
5167,DB00381,HCC515
17295,DB00381,HCC515
9791,DB00381,HCC515
9650,DB00381,HCC515
7985,DB00381,HCC515
14622,DB00381,PC3
8484,DB00381,PC3
11175,DB00381,PC3
16430,DB00381,PC3
807,DB00381,PC3
9356,DB00381,PC3
16366,DB00381,PC3
3151,DB00381,PC3
4218,DB00381,PC3
12144,DB00381,PC3
10069,DB00381,PC3
13692,DB00381,PC3
6772,DB00381,PC3
5167,DB00381,PC3
17295,DB00381,PC3
9791,DB00381,PC3
9650,DB00381,PC3
7985,DB00381,PC3
14622,DB00381,VCAP
8484,DB00381,VCAP
11175,DB00381,VCAP
16430,DB00381,VCAP
807,DB00381,VCAP
9356,DB00381,VCAP
16366,DB00381,VCAP
3151,DB00381,VCAP
4218,DB00381,VCAP
12144,DB00381,VCAP
10069,DB00381,VCAP
13692,DB00381,VCAP
6772,DB00381,VCAP
5167,DB00381,VCAP
17295,DB00381,VCAP
9791,DB00381,VCAP
9650,DB00381,VCAP
7985,DB00381,VCAP
3151,DB00270,A549
7985,DB00270,A549
6772,DB00270,A549
10069,DB00270,A549
4218,DB00270,A549
16366,DB00270,A549
12853,DB00243,ASC
5696,DB00243,ASC
12650,DB00243,ASC
3151,DB00243,ASC
4218,DB00243,ASC
12144,DB00243,ASC
10069,DB00243,ASC
13692,DB00243,ASC
6772,DB00243,ASC
5167,DB00243,ASC
17295,DB00243,ASC
12853,DB00243,MCF7
5696,DB00243,MCF7
12650,DB00243,MCF7
3151,DB00243,MCF7
4218,DB00243,MCF7
12144,DB00243,MCF7
10069,DB00243,MCF7
13692,DB00243,MCF7
6772,DB00243,MCF7
5167,DB00243,MCF7
17295,DB00243,MCF7
12853,DB00243,HA1E
5696,DB00243,HA1E
12650,DB00243,HA1E
3151,DB00243,HA1E
4218,DB00243,HA1E
12144,DB00243,HA1E
10069,DB00243,HA1E
13692,DB00243,HA1E
6772,DB00243,HA1E
5167,DB00243,HA1E
17295,DB00243,HA1E
12853,DB00243,PC3
5696,DB00243,PC3
12650,DB00243,PC3
3151,DB00243,PC3
4218,DB00243,PC3
12144,DB00243,PC3
10069,DB00243,PC3
13692,DB00243,PC3
6772,DB00243,PC3
5167,DB00243,PC3
17295,DB00243,PC3
9521,DB00393,A375
17295,DB00393,A375
12144,DB00393,A375
5167,DB00393,A375
9521,DB00393,NCIH508
17295,DB00393,NCIH508
12144,DB00393,NCIH508
5167,DB00393,NCIH508
9521,DB00393,SW620
17295,DB00393,SW620
12144,DB00393,SW620
5167,DB00393,SW620
1294,DB00622,A375
15967,DB00622,A375
1294,DB00622,EFO27
15967,DB00622,EFO27
1294,DB00622,NCIH1694
15967,DB00622,NCIH1694
1294,DB00622,PC3
15967,DB00622,PC3
1294,DB00622,RMUGS
15967,DB00622,RMUGS
1294,DB00622,SW620
15967,DB00622,SW620
1294,DB00622,SW948
15967,DB00622,SW948
1294,DB00622,U937
15967,DB00622,U937
1294,DB00622,VCAP
15967,DB00622,VCAP
1294,DB00622,MCF7
15967,DB00622,MCF7
17269,DB00975,ASC
12937,DB00975,ASC
17269,DB00975,MCF7
12937,DB00975,MCF7
9647,DB00235,MCF7
9647,DB00235,NPC
9647,DB00235,VCAP
9647,DB00235,A549
9129,DB00203,A549
7468,DB00203,A549
3153,DB00203,A549
9129,DB00203,MCF7
7468,DB00203,MCF7
3153,DB00203,MCF7
9129,DB00203,VCAP
7468,DB00203,VCAP
3153,DB00203,VCAP
9129,DB00203,HCC515
7468,DB00203,HCC515
3153,DB00203,HCC515
9129,DB00203,NCIH596
7468,DB00203,NCIH596
3153,DB00203,NCIH596
9129,DB00203,SW948
7468,DB00203,SW948
3153,DB00203,SW948
4111,DB00820,MCF7
5457,DB00839,A549
8989,DB00839,A549
5457,DB00839,HA1E
8989,DB00839,HA1E
5457,DB00839,HCC515
8989,DB00839,HCC515
5457,DB00839,HT29
8989,DB00839,HT29
5457,DB00839,MCF7
8989,DB00839,MCF7
5457,DB00839,PC3
8989,DB00839,PC3
5457,DB00839,VCAP
8989,DB00839,VCAP
9947,DB00154,A375
10338,DB00154,A375
9947,DB00154,A549
10338,DB00154,A549
9947,DB00154,VCAP
10338,DB00154,VCAP
13612,DB00246,HCC515
5648,DB00246,HCC515
13183,DB00246,HCC515
3815,DB00246,HCC515
9201,DB00246,HCC515
14731,DB00246,HCC515
180,DB00246,HCC515
15935,DB00246,HCC515
17240,DB00246,HCC515
18876,DB00246,HCC515
13194,DB00246,HCC515
4278,DB00246,HCC515
13612,DB00246,HT29
5648,DB00246,HT29
13183,DB00246,HT29
3815,DB00246,HT29
9201,DB00246,HT29
14731,DB00246,HT29
180,DB00246,HT29
15935,DB00246,HT29
17240,DB00246,HT29
18876,DB00246,HT29
13194,DB00246,HT29
4278,DB00246,HT29
13612,DB00248,HA1E
5648,DB00248,HA1E
13612,DB00248,PC3
5648,DB00248,PC3
8994,DB00384,A375
9784,DB00384,A375
12597,DB00384,A375
5079,DB00384,A375
8994,DB00384,A549
9784,DB00384,A549
12597,DB00384,A549
5079,DB00384,A549
8994,DB00384,PC3
9784,DB00384,PC3
12597,DB00384,PC3
5079,DB00384,PC3
455,DB00309,HT29
455,DB00309,PC3
455,DB00309,VCAP
7270,DB00162,SKB
18093,DB00162,SKB
1011,DB00162,SKB
15103,DB00162,SKB
17681,DB00162,SKB
3262,DB00162,SKB
8216,DB00162,SKB
18858,DB00162,SKB
4649,DB00162,SKB
12972,DB00162,SKB
12954,DB00162,SKB
18187,DB00162,SKB
8941,DB00162,SKB
7270,DB00162,VCAP
18093,DB00162,VCAP
1011,DB00162,VCAP
15103,DB00162,VCAP
17681,DB00162,VCAP
3262,DB00162,VCAP
8216,DB00162,VCAP
18858,DB00162,VCAP
4649,DB00162,VCAP
12972,DB00162,VCAP
12954,DB00162,VCAP
18187,DB00162,VCAP
8941,DB00162,VCAP
7270,DB00162,A375
18093,DB00162,A375
1011,DB00162,A375
15103,DB00162,A375
17681,DB00162,A375
3262,DB00162,A375
8216,DB00162,A375
18858,DB00162,A375
4649,DB00162,A375
12972,DB00162,A375
12954,DB00162,A375
18187,DB00162,A375
8941,DB00162,A375
7270,DB00162,HA1E
18093,DB00162,HA1E
1011,DB00162,HA1E
15103,DB00162,HA1E
17681,DB00162,HA1E
3262,DB00162,HA1E
8216,DB00162,HA1E
18858,DB00162,HA1E
4649,DB00162,HA1E
12972,DB00162,HA1E
12954,DB00162,HA1E
18187,DB00162,HA1E
8941,DB00162,HA1E
7270,DB00162,HCC515
18093,DB00162,HCC515
1011,DB00162,HCC515
15103,DB00162,HCC515
17681,DB00162,HCC515
3262,DB00162,HCC515
8216,DB00162,HCC515
18858,DB00162,HCC515
4649,DB00162,HCC515
12972,DB00162,HCC515
12954,DB00162,HCC515
18187,DB00162,HCC515
8941,DB00162,HCC515
7270,DB00162,HCT116
18093,DB00162,HCT116
1011,DB00162,HCT116
15103,DB00162,HCT116
17681,DB00162,HCT116
3262,DB00162,HCT116
8216,DB00162,HCT116
18858,DB00162,HCT116
4649,DB00162,HCT116
12972,DB00162,HCT116
12954,DB00162,HCT116
18187,DB00162,HCT116
8941,DB00162,HCT116
7270,DB00162,HEPG2
18093,DB00162,HEPG2
1011,DB00162,HEPG2
15103,DB00162,HEPG2
17681,DB00162,HEPG2
3262,DB00162,HEPG2
8216,DB00162,HEPG2
18858,DB00162,HEPG2
4649,DB00162,HEPG2
12972,DB00162,HEPG2
12954,DB00162,HEPG2
18187,DB00162,HEPG2
8941,DB00162,HEPG2
7270,DB00162,HT29
18093,DB00162,HT29
1011,DB00162,HT29
15103,DB00162,HT29
17681,DB00162,HT29
3262,DB00162,HT29
8216,DB00162,HT29
18858,DB00162,HT29
4649,DB00162,HT29
12972,DB00162,HT29
12954,DB00162,HT29
18187,DB00162,HT29
8941,DB00162,HT29
7270,DB00162,MCF7
18093,DB00162,MCF7
1011,DB00162,MCF7
15103,DB00162,MCF7
17681,DB00162,MCF7
3262,DB00162,MCF7
8216,DB00162,MCF7
18858,DB00162,MCF7
4649,DB00162,MCF7
12972,DB00162,MCF7
12954,DB00162,MCF7
18187,DB00162,MCF7
8941,DB00162,MCF7
7270,DB00162,PC3
18093,DB00162,PC3
1011,DB00162,PC3
15103,DB00162,PC3
17681,DB00162,PC3
3262,DB00162,PC3
8216,DB00162,PC3
18858,DB00162,PC3
4649,DB00162,PC3
12972,DB00162,PC3
12954,DB00162,PC3
18187,DB00162,PC3
8941,DB00162,PC3
7270,DB00162,PL21
18093,DB00162,PL21
1011,DB00162,PL21
15103,DB00162,PL21
17681,DB00162,PL21
3262,DB00162,PL21
8216,DB00162,PL21
18858,DB00162,PL21
4649,DB00162,PL21
12972,DB00162,PL21
12954,DB00162,PL21
18187,DB00162,PL21
8941,DB00162,PL21
7270,DB00162,RKO
18093,DB00162,RKO
1011,DB00162,RKO
15103,DB00162,RKO
17681,DB00162,RKO
3262,DB00162,RKO
8216,DB00162,RKO
18858,DB00162,RKO
4649,DB00162,RKO
12972,DB00162,RKO
12954,DB00162,RKO
18187,DB00162,RKO
8941,DB00162,RKO
7270,DB00162,RMUGS
18093,DB00162,RMUGS
1011,DB00162,RMUGS
15103,DB00162,RMUGS
17681,DB00162,RMUGS
3262,DB00162,RMUGS
8216,DB00162,RMUGS
18858,DB00162,RMUGS
4649,DB00162,RMUGS
12972,DB00162,RMUGS
12954,DB00162,RMUGS
18187,DB00162,RMUGS
8941,DB00162,RMUGS
7270,DB00162,SKM1
18093,DB00162,SKM1
1011,DB00162,SKM1
15103,DB00162,SKM1
17681,DB00162,SKM1
3262,DB00162,SKM1
8216,DB00162,SKM1
18858,DB00162,SKM1
4649,DB00162,SKM1
12972,DB00162,SKM1
12954,DB00162,SKM1
18187,DB00162,SKM1
8941,DB00162,SKM1
7270,DB00162,SKMEL28
18093,DB00162,SKMEL28
1011,DB00162,SKMEL28
15103,DB00162,SKMEL28
17681,DB00162,SKMEL28
3262,DB00162,SKMEL28
8216,DB00162,SKMEL28
18858,DB00162,SKMEL28
4649,DB00162,SKMEL28
12972,DB00162,SKMEL28
12954,DB00162,SKMEL28
18187,DB00162,SKMEL28
8941,DB00162,SKMEL28
7270,DB00162,SW620
18093,DB00162,SW620
1011,DB00162,SW620
15103,DB00162,SW620
17681,DB00162,SW620
3262,DB00162,SW620
8216,DB00162,SW620
18858,DB00162,SW620
4649,DB00162,SW620
12972,DB00162,SW620
12954,DB00162,SW620
18187,DB00162,SW620
8941,DB00162,SW620
7270,DB00162,SW948
18093,DB00162,SW948
1011,DB00162,SW948
15103,DB00162,SW948
17681,DB00162,SW948
3262,DB00162,SW948
8216,DB00162,SW948
18858,DB00162,SW948
4649,DB00162,SW948
12972,DB00162,SW948
12954,DB00162,SW948
18187,DB00162,SW948
8941,DB00162,SW948
7270,DB00162,THP1
18093,DB00162,THP1
1011,DB00162,THP1
15103,DB00162,THP1
17681,DB00162,THP1
3262,DB00162,THP1
8216,DB00162,THP1
18858,DB00162,THP1
4649,DB00162,THP1
12972,DB00162,THP1
12954,DB00162,THP1
18187,DB00162,THP1
8941,DB00162,THP1
7270,DB00162,U937
18093,DB00162,U937
1011,DB00162,U937
15103,DB00162,U937
17681,DB00162,U937
3262,DB00162,U937
8216,DB00162,U937
18858,DB00162,U937
4649,DB00162,U937
12972,DB00162,U937
12954,DB00162,U937
18187,DB00162,U937
8941,DB00162,U937
14781,DB00855,A549
14781,DB00855,VCAP
14670,DB00132,A549
4199,DB00132,A549
16479,DB00132,A549
6952,DB00132,A549
14589,DB00132,A549
6095,DB00132,A549
18023,DB00132,A549
17632,DB00132,A549
3766,DB00132,A549
10845,DB00132,A549
14670,DB00132,SKB
4199,DB00132,SKB
16479,DB00132,SKB
6952,DB00132,SKB
14589,DB00132,SKB
6095,DB00132,SKB
18023,DB00132,SKB
17632,DB00132,SKB
3766,DB00132,SKB
10845,DB00132,SKB
16279,DB00675,A375
15915,DB00675,A375
5571,DB00675,A375
13744,DB00675,A375
5647,DB00675,A375
2717,DB00675,A375
4648,DB00675,A375
2658,DB00675,A375
12517,DB00675,A375
16279,DB00675,A549
15915,DB00675,A549
5571,DB00675,A549
13744,DB00675,A549
5647,DB00675,A549
2717,DB00675,A549
4648,DB00675,A549
2658,DB00675,A549
12517,DB00675,A549
16279,DB00675,HA1E
15915,DB00675,HA1E
5571,DB00675,HA1E
13744,DB00675,HA1E
5647,DB00675,HA1E
2717,DB00675,HA1E
4648,DB00675,HA1E
2658,DB00675,HA1E
12517,DB00675,HA1E
16279,DB00675,HT29
15915,DB00675,HT29
5571,DB00675,HT29
13744,DB00675,HT29
5647,DB00675,HT29
2717,DB00675,HT29
4648,DB00675,HT29
2658,DB00675,HT29
12517,DB00675,HT29
16279,DB00675,MCF7
15915,DB00675,MCF7
5571,DB00675,MCF7
13744,DB00675,MCF7
5647,DB00675,MCF7
2717,DB00675,MCF7
4648,DB00675,MCF7
2658,DB00675,MCF7
12517,DB00675,MCF7
16279,DB00675,RKO
15915,DB00675,RKO
5571,DB00675,RKO
13744,DB00675,RKO
5647,DB00675,RKO
2717,DB00675,RKO
4648,DB00675,RKO
2658,DB00675,RKO
12517,DB00675,RKO
16279,DB00675,SW620
15915,DB00675,SW620
5571,DB00675,SW620
13744,DB00675,SW620
5647,DB00675,SW620
2717,DB00675,SW620
4648,DB00675,SW620
2658,DB00675,SW620
12517,DB00675,SW620
16279,DB00675,SW948
15915,DB00675,SW948
5571,DB00675,SW948
13744,DB00675,SW948
5647,DB00675,SW948
2717,DB00675,SW948
4648,DB00675,SW948
2658,DB00675,SW948
12517,DB00675,SW948
16279,DB00675,VCAP
15915,DB00675,VCAP
5571,DB00675,VCAP
13744,DB00675,VCAP
5647,DB00675,VCAP
2717,DB00675,VCAP
4648,DB00675,VCAP
2658,DB00675,VCAP
12517,DB00675,VCAP
16279,DB00675,PC3
15915,DB00675,PC3
5571,DB00675,PC3
13744,DB00675,PC3
5647,DB00675,PC3
2717,DB00675,PC3
4648,DB00675,PC3
2658,DB00675,PC3
12517,DB00675,PC3
4954,DB00993,A375
9278,DB00993,A375
4954,DB00993,HT29
9278,DB00993,HT29
4954,DB00993,MCF7
9278,DB00993,MCF7
4954,DB00993,PC3
9278,DB00993,PC3
4954,DB00993,VCAP
9278,DB00993,VCAP
3705,DB00514,VCAP
491,DB00514,VCAP
12522,DB00514,VCAP
2370,DB00514,VCAP
4269,DB00514,VCAP
10349,DB00514,VCAP
14078,DB00514,VCAP
9278,DB00514,VCAP
1540,DB00514,VCAP
5756,DB00208,A375
5756,DB00208,A549
5756,DB00208,HA1E
3058,DB00987,A375
3058,DB00987,A549
3058,DB00987,PC3
3058,DB00987,VCAP
13955,DB00186,VCAP
15200,DB00186,VCAP
16606,DB00186,VCAP
10943,DB00186,VCAP
2869,DB00186,VCAP
8135,DB00186,VCAP
3598,DB00186,VCAP
4608,DB00186,VCAP
3599,DB00186,VCAP
5891,DB00186,VCAP
12521,DB00186,VCAP
10947,DB00186,VCAP
4606,DB00186,VCAP
15985,DB00186,VCAP
18735,DB00186,VCAP
16948,DB00186,VCAP
18299,DB00186,VCAP
12003,DB00555,PC3
15200,DB00555,PC3
16606,DB00555,PC3
10943,DB00555,PC3
2869,DB00555,PC3
8135,DB00555,PC3
3598,DB00555,PC3
4606,DB00555,PC3
15985,DB00555,PC3
18735,DB00555,PC3
10358,DB00555,PC3
6971,DB00358,MCF7
15914,DB00313,COV644
5426,DB00313,COV644
15084,DB00313,COV644
5787,DB00313,COV644
12003,DB00313,COV644
3988,DB00313,COV644
15347,DB00313,COV644
15964,DB00313,COV644
14852,DB00313,COV644
9075,DB00313,COV644
14785,DB00313,COV644
15374,DB00313,COV644
3778,DB00313,COV644
13504,DB00313,COV644
6976,DB00313,COV644
15914,DB00313,SW948
5426,DB00313,SW948
15084,DB00313,SW948
5787,DB00313,SW948
12003,DB00313,SW948
3988,DB00313,SW948
15347,DB00313,SW948
15964,DB00313,SW948
14852,DB00313,SW948
9075,DB00313,SW948
14785,DB00313,SW948
15374,DB00313,SW948
3778,DB00313,SW948
13504,DB00313,SW948
6976,DB00313,SW948
15084,DB00281,MCF7
14785,DB00281,MCF7
15347,DB00281,MCF7
4341,DB00178,VCAP
432,DB00178,VCAP
2219,DB00648,A549
4418,DB00648,A549
2219,DB00648,HT29
4418,DB00648,HT29
2219,DB00648,MCF7
4418,DB00648,MCF7
2219,DB00648,HA1E
4418,DB00648,HA1E
9929,DB00242,A375
5143,DB00242,A375
12591,DB00242,A375
9840,DB00242,A375
1649,DB00242,A375
6983,DB00242,A375
408,DB00242,A375
16511,DB00242,A375
11777,DB00242,A375
9929,DB00242,HT29
5143,DB00242,HT29
12591,DB00242,HT29
9840,DB00242,HT29
1649,DB00242,HT29
6983,DB00242,HT29
408,DB00242,HT29
16511,DB00242,HT29
11777,DB00242,HT29
9929,DB00242,MCF7
5143,DB00242,MCF7
12591,DB00242,MCF7
9840,DB00242,MCF7
1649,DB00242,MCF7
6983,DB00242,MCF7
408,DB00242,MCF7
16511,DB00242,MCF7
11777,DB00242,MCF7
9929,DB00242,PC3
5143,DB00242,PC3
12591,DB00242,PC3
9840,DB00242,PC3
1649,DB00242,PC3
6983,DB00242,PC3
408,DB00242,PC3
16511,DB00242,PC3
11777,DB00242,PC3
9929,DB00242,VCAP
5143,DB00242,VCAP
12591,DB00242,VCAP
9840,DB00242,VCAP
1649,DB00242,VCAP
6983,DB00242,VCAP
408,DB00242,VCAP
16511,DB00242,VCAP
11777,DB00242,VCAP
9929,DB00242,HCC515
5143,DB00242,HCC515
12591,DB00242,HCC515
9840,DB00242,HCC515
1649,DB00242,HCC515
6983,DB00242,HCC515
408,DB00242,HCC515
16511,DB00242,HCC515
11777,DB00242,HCC515
9929,DB00242,HEPG2
5143,DB00242,HEPG2
12591,DB00242,HEPG2
9840,DB00242,HEPG2
1649,DB00242,HEPG2
6983,DB00242,HEPG2
408,DB00242,HEPG2
16511,DB00242,HEPG2
11777,DB00242,HEPG2
2544,DB00214,HA1E
13996,DB00214,HA1E
18006,DB02709,VCAP
8310,DB02709,VCAP
16242,DB02709,VCAP
9755,DB02709,VCAP
2960,DB02709,VCAP
4465,DB02709,VCAP
14215,DB02709,VCAP
18006,DB02709,A375
8310,DB02709,A375
16242,DB02709,A375
9755,DB02709,A375
2960,DB02709,A375
4465,DB02709,A375
14215,DB02709,A375
18006,DB02709,A549
8310,DB02709,A549
16242,DB02709,A549
9755,DB02709,A549
2960,DB02709,A549
4465,DB02709,A549
14215,DB02709,A549
18006,DB02709,HCC515
8310,DB02709,HCC515
16242,DB02709,HCC515
9755,DB02709,HCC515
2960,DB02709,HCC515
4465,DB02709,HCC515
14215,DB02709,HCC515
18006,DB02709,HEPG2
8310,DB02709,HEPG2
16242,DB02709,HEPG2
9755,DB02709,HEPG2
2960,DB02709,HEPG2
4465,DB02709,HEPG2
14215,DB02709,HEPG2
18006,DB02709,MCF7
8310,DB02709,MCF7
16242,DB02709,MCF7
9755,DB02709,MCF7
2960,DB02709,MCF7
4465,DB02709,MCF7
14215,DB02709,MCF7
18006,DB02709,PC3
8310,DB02709,PC3
16242,DB02709,PC3
9755,DB02709,PC3
2960,DB02709,PC3
4465,DB02709,PC3
14215,DB02709,PC3
18006,DB02709,SKB
8310,DB02709,SKB
16242,DB02709,SKB
9755,DB02709,SKB
2960,DB02709,SKB
4465,DB02709,SKB
14215,DB02709,SKB
18006,DB02709,HA1E
8310,DB02709,HA1E
16242,DB02709,HA1E
9755,DB02709,HA1E
2960,DB02709,HA1E
4465,DB02709,HA1E
14215,DB02709,HA1E
14017,DB00279,A375
2916,DB00279,A375
12603,DB00279,A375
14017,DB00279,MCF7
2916,DB00279,MCF7
12603,DB00279,MCF7
14017,DB00279,PC3
2916,DB00279,PC3
12603,DB00279,PC3
6461,DB00293,MCF7
6461,DB00293,PC3
6461,DB00293,VCAP
9921,DB02659,A375
13165,DB02659,A375
13644,DB02659,A375
10004,DB02659,A375
17970,DB02659,A375
10029,DB02659,A375
6598,DB02659,A375
2085,DB02659,A375
16891,DB02659,A375
16339,DB02659,A375
16750,DB02659,A375
6872,DB02659,A375
4181,DB02659,A375
1444,DB02659,A375
4451,DB02659,A375
16979,DB02659,A375
2568,DB00213,MCF7
16037,DB00594,A375
794,DB00594,A375
2803,DB00594,A375
1387,DB00770,MCF7
12215,DB00140,A549
2700,DB00140,A549
12215,DB00140,PC3
2700,DB00140,PC3
1070,DB00170,A375
8872,DB00170,A375
13791,DB00170,A375
10516,DB00170,A375
6757,DB00170,A375
15679,DB00170,A375
1070,DB00170,A549
8872,DB00170,A549
13791,DB00170,A549
10516,DB00170,A549
6757,DB00170,A549
15679,DB00170,A549
1070,DB00170,ASC
8872,DB00170,ASC
13791,DB00170,ASC
10516,DB00170,ASC
6757,DB00170,ASC
15679,DB00170,ASC
1070,DB00170,HEPG2
8872,DB00170,HEPG2
13791,DB00170,HEPG2
10516,DB00170,HEPG2
6757,DB00170,HEPG2
15679,DB00170,HEPG2
1070,DB00170,MCF7
8872,DB00170,MCF7
13791,DB00170,MCF7
10516,DB00170,MCF7
6757,DB00170,MCF7
15679,DB00170,MCF7
1070,DB00170,NPC
8872,DB00170,NPC
13791,DB00170,NPC
10516,DB00170,NPC
6757,DB00170,NPC
15679,DB00170,NPC
1070,DB00170,A673
8872,DB00170,A673
13791,DB00170,A673
10516,DB00170,A673
6757,DB00170,A673
15679,DB00170,A673
1070,DB00170,CORL23
8872,DB00170,CORL23
13791,DB00170,CORL23
10516,DB00170,CORL23
6757,DB00170,CORL23
15679,DB00170,CORL23
1070,DB00170,EFO27
8872,DB00170,EFO27
13791,DB00170,EFO27
10516,DB00170,EFO27
6757,DB00170,EFO27
15679,DB00170,EFO27
1070,DB00170,H1299
8872,DB00170,H1299
13791,DB00170,H1299
10516,DB00170,H1299
6757,DB00170,H1299
15679,DB00170,H1299
1070,DB00170,HA1E
8872,DB00170,HA1E
13791,DB00170,HA1E
10516,DB00170,HA1E
6757,DB00170,HA1E
15679,DB00170,HA1E
1070,DB00170,HCC515
8872,DB00170,HCC515
13791,DB00170,HCC515
10516,DB00170,HCC515
6757,DB00170,HCC515
15679,DB00170,HCC515
1070,DB00170,HEC108
8872,DB00170,HEC108
13791,DB00170,HEC108
10516,DB00170,HEC108
6757,DB00170,HEC108
15679,DB00170,HEC108
1070,DB00170,LOVO
8872,DB00170,LOVO
13791,DB00170,LOVO
10516,DB00170,LOVO
6757,DB00170,LOVO
15679,DB00170,LOVO
1070,DB00170,MDST8
8872,DB00170,MDST8
13791,DB00170,MDST8
10516,DB00170,MDST8
6757,DB00170,MDST8
15679,DB00170,MDST8
1070,DB00170,NCIH1836
8872,DB00170,NCIH1836
13791,DB00170,NCIH1836
10516,DB00170,NCIH1836
6757,DB00170,NCIH1836
15679,DB00170,NCIH1836
1070,DB00170,NCIH2073
8872,DB00170,NCIH2073
13791,DB00170,NCIH2073
10516,DB00170,NCIH2073
6757,DB00170,NCIH2073
15679,DB00170,NCIH2073
1070,DB00170,NCIH596
8872,DB00170,NCIH596
13791,DB00170,NCIH596
10516,DB00170,NCIH596
6757,DB00170,NCIH596
15679,DB00170,NCIH596
1070,DB00170,NOMO1
8872,DB00170,NOMO1
13791,DB00170,NOMO1
10516,DB00170,NOMO1
6757,DB00170,NOMO1
15679,DB00170,NOMO1
1070,DB00170,OV7
8872,DB00170,OV7
13791,DB00170,OV7
10516,DB00170,OV7
6757,DB00170,OV7
15679,DB00170,OV7
1070,DB00170,PC3
8872,DB00170,PC3
13791,DB00170,PC3
10516,DB00170,PC3
6757,DB00170,PC3
15679,DB00170,PC3
1070,DB00170,RKO
8872,DB00170,RKO
13791,DB00170,RKO
10516,DB00170,RKO
6757,DB00170,RKO
15679,DB00170,RKO
1070,DB00170,RMGI
8872,DB00170,RMGI
13791,DB00170,RMGI
10516,DB00170,RMGI
6757,DB00170,RMGI
15679,DB00170,RMGI
1070,DB00170,RMUGS
8872,DB00170,RMUGS
13791,DB00170,RMUGS
10516,DB00170,RMUGS
6757,DB00170,RMUGS
15679,DB00170,RMUGS
1070,DB00170,SKLU1
8872,DB00170,SKLU1
13791,DB00170,SKLU1
10516,DB00170,SKLU1
6757,DB00170,SKLU1
15679,DB00170,SKLU1
1070,DB00170,SKM1
8872,DB00170,SKM1
13791,DB00170,SKM1
10516,DB00170,SKM1
6757,DB00170,SKM1
15679,DB00170,SKM1
1070,DB00170,SKMEL28
8872,DB00170,SKMEL28
13791,DB00170,SKMEL28
10516,DB00170,SKMEL28
6757,DB00170,SKMEL28
15679,DB00170,SKMEL28
1070,DB00170,SNGM
8872,DB00170,SNGM
13791,DB00170,SNGM
10516,DB00170,SNGM
6757,DB00170,SNGM
15679,DB00170,SNGM
1070,DB00170,SNUC4
8872,DB00170,SNUC4
13791,DB00170,SNUC4
10516,DB00170,SNUC4
6757,DB00170,SNUC4
15679,DB00170,SNUC4
1070,DB00170,SW480
8872,DB00170,SW480
13791,DB00170,SW480
10516,DB00170,SW480
6757,DB00170,SW480
15679,DB00170,SW480
1070,DB00170,SW620
8872,DB00170,SW620
13791,DB00170,SW620
10516,DB00170,SW620
6757,DB00170,SW620
15679,DB00170,SW620
1070,DB00170,SW948
8872,DB00170,SW948
13791,DB00170,SW948
10516,DB00170,SW948
6757,DB00170,SW948
15679,DB00170,SW948
1070,DB00170,THP1
8872,DB00170,THP1
13791,DB00170,THP1
10516,DB00170,THP1
6757,DB00170,THP1
15679,DB00170,THP1
1070,DB00170,U937
8872,DB00170,U937
13791,DB00170,U937
10516,DB00170,U937
6757,DB00170,U937
15679,DB00170,U937
1070,DB00170,VCAP
8872,DB00170,VCAP
13791,DB00170,VCAP
10516,DB00170,VCAP
6757,DB00170,VCAP
15679,DB00170,VCAP
1070,DB00170,WSUDLCL2
8872,DB00170,WSUDLCL2
13791,DB00170,WSUDLCL2
10516,DB00170,WSUDLCL2
6757,DB00170,WSUDLCL2
15679,DB00170,WSUDLCL2
527,DB01097,PHH
14122,DB01097,PHH
527,DB01097,SKB
14122,DB01097,SKB
527,DB01097,HA1E
14122,DB01097,HA1E
527,DB01097,PC3
14122,DB01097,PC3
7905,DB00280,A375
6738,DB00280,A375
15297,DB00280,A375
7905,DB00280,MCF7
6738,DB00280,MCF7
15297,DB00280,MCF7
7905,DB00280,PC3
6738,DB00280,PC3
15297,DB00280,PC3
1098,DB00193,HCC515
3665,DB00193,HCC515
3074,DB00193,HCC515
15283,DB00193,HCC515
15878,DB00193,HCC515
15642,DB00436,MCF7
15642,DB00436,VCAP
3572,DB00367,VCAP
13332,DB00257,MCF7
13332,DB00257,PC3
13332,DB00257,VCAP
10336,DB00588,A549
10336,DB00588,HA1E
10336,DB00588,HCC515
10336,DB00588,PC3
1718,DB00363,ASC
1718,DB00363,HEPG2
1718,DB00363,VCAP
119,DB01244,VCAP
119,DB01244,MCF7
8989,DB00222,MCF7
8989,DB00222,VCAP
8989,DB00222,PC3
8989,DB00222,SKB
8989,DB00222,HA1E
8989,DB01016,AGS
1240,DB01016,AGS
8989,DB01016,EFO27
1240,DB01016,EFO27
8989,DB01016,PC3
1240,DB01016,PC3
8989,DB01016,HT29
1240,DB01016,HT29
8989,DB01016,VCAP
1240,DB01016,VCAP
995,DB00180,A549
995,DB00180,PHH
995,DB00180,HCC515
995,DB00180,HEPG2
995,DB00180,MCF7
995,DB00180,PC3
995,DB00180,VCAP
11658,DB01254,A375
9091,DB01254,A375
18069,DB01254,A375
9563,DB01254,A375
8268,DB01254,A375
4460,DB01254,A375
938,DB01254,A375
19154,DB01254,A375
564,DB01254,A375
9529,DB01254,A375
17029,DB01254,A375
16892,DB01254,A375
18538,DB01254,A375
5419,DB01254,A375
11746,DB01254,A375
18893,DB01254,A375
11965,DB01254,A375
18998,DB01254,A375
11658,DB01254,A549
9091,DB01254,A549
18069,DB01254,A549
9563,DB01254,A549
8268,DB01254,A549
4460,DB01254,A549
938,DB01254,A549
19154,DB01254,A549
564,DB01254,A549
9529,DB01254,A549
17029,DB01254,A549
16892,DB01254,A549
18538,DB01254,A549
5419,DB01254,A549
11746,DB01254,A549
18893,DB01254,A549
11965,DB01254,A549
18998,DB01254,A549
11658,DB01254,ASC
9091,DB01254,ASC
18069,DB01254,ASC
9563,DB01254,ASC
8268,DB01254,ASC
4460,DB01254,ASC
938,DB01254,ASC
19154,DB01254,ASC
564,DB01254,ASC
9529,DB01254,ASC
17029,DB01254,ASC
16892,DB01254,ASC
18538,DB01254,ASC
5419,DB01254,ASC
11746,DB01254,ASC
18893,DB01254,ASC
11965,DB01254,ASC
18998,DB01254,ASC
11658,DB01254,HA1E
9091,DB01254,HA1E
18069,DB01254,HA1E
9563,DB01254,HA1E
8268,DB01254,HA1E
4460,DB01254,HA1E
938,DB01254,HA1E
19154,DB01254,HA1E
564,DB01254,HA1E
9529,DB01254,HA1E
17029,DB01254,HA1E
16892,DB01254,HA1E
18538,DB01254,HA1E
5419,DB01254,HA1E
11746,DB01254,HA1E
18893,DB01254,HA1E
11965,DB01254,HA1E
18998,DB01254,HA1E
11658,DB01254,HT29
9091,DB01254,HT29
18069,DB01254,HT29
9563,DB01254,HT29
8268,DB01254,HT29
4460,DB01254,HT29
938,DB01254,HT29
19154,DB01254,HT29
564,DB01254,HT29
9529,DB01254,HT29
17029,DB01254,HT29
16892,DB01254,HT29
18538,DB01254,HT29
5419,DB01254,HT29
11746,DB01254,HT29
18893,DB01254,HT29
11965,DB01254,HT29
18998,DB01254,HT29
11658,DB01254,MCF7
9091,DB01254,MCF7
18069,DB01254,MCF7
9563,DB01254,MCF7
8268,DB01254,MCF7
4460,DB01254,MCF7
938,DB01254,MCF7
19154,DB01254,MCF7
564,DB01254,MCF7
9529,DB01254,MCF7
17029,DB01254,MCF7
16892,DB01254,MCF7
18538,DB01254,MCF7
5419,DB01254,MCF7
11746,DB01254,MCF7
18893,DB01254,MCF7
11965,DB01254,MCF7
18998,DB01254,MCF7
11658,DB01254,NPC
9091,DB01254,NPC
18069,DB01254,NPC
9563,DB01254,NPC
8268,DB01254,NPC
4460,DB01254,NPC
938,DB01254,NPC
19154,DB01254,NPC
564,DB01254,NPC
9529,DB01254,NPC
17029,DB01254,NPC
16892,DB01254,NPC
18538,DB01254,NPC
5419,DB01254,NPC
11746,DB01254,NPC
18893,DB01254,NPC
11965,DB01254,NPC
18998,DB01254,NPC
11658,DB01254,PC3
9091,DB01254,PC3
18069,DB01254,PC3
9563,DB01254,PC3
8268,DB01254,PC3
4460,DB01254,PC3
938,DB01254,PC3
19154,DB01254,PC3
564,DB01254,PC3
9529,DB01254,PC3
17029,DB01254,PC3
16892,DB01254,PC3
18538,DB01254,PC3
5419,DB01254,PC3
11746,DB01254,PC3
18893,DB01254,PC3
11965,DB01254,PC3
18998,DB01254,PC3
11658,DB01254,SKB
9091,DB01254,SKB
18069,DB01254,SKB
9563,DB01254,SKB
8268,DB01254,SKB
4460,DB01254,SKB
938,DB01254,SKB
19154,DB01254,SKB
564,DB01254,SKB
9529,DB01254,SKB
17029,DB01254,SKB
16892,DB01254,SKB
18538,DB01254,SKB
5419,DB01254,SKB
11746,DB01254,SKB
18893,DB01254,SKB
11965,DB01254,SKB
18998,DB01254,SKB
11658,DB01254,BT20
9091,DB01254,BT20
18069,DB01254,BT20
9563,DB01254,BT20
8268,DB01254,BT20
4460,DB01254,BT20
938,DB01254,BT20
19154,DB01254,BT20
564,DB01254,BT20
9529,DB01254,BT20
17029,DB01254,BT20
16892,DB01254,BT20
18538,DB01254,BT20
5419,DB01254,BT20
11746,DB01254,BT20
18893,DB01254,BT20
11965,DB01254,BT20
18998,DB01254,BT20
11658,DB01254,HCC515
9091,DB01254,HCC515
18069,DB01254,HCC515
9563,DB01254,HCC515
8268,DB01254,HCC515
4460,DB01254,HCC515
938,DB01254,HCC515
19154,DB01254,HCC515
564,DB01254,HCC515
9529,DB01254,HCC515
17029,DB01254,HCC515
16892,DB01254,HCC515
18538,DB01254,HCC515
5419,DB01254,HCC515
11746,DB01254,HCC515
18893,DB01254,HCC515
11965,DB01254,HCC515
18998,DB01254,HCC515
11658,DB01254,HEPG2
9091,DB01254,HEPG2
18069,DB01254,HEPG2
9563,DB01254,HEPG2
8268,DB01254,HEPG2
4460,DB01254,HEPG2
938,DB01254,HEPG2
19154,DB01254,HEPG2
564,DB01254,HEPG2
9529,DB01254,HEPG2
17029,DB01254,HEPG2
16892,DB01254,HEPG2
18538,DB01254,HEPG2
5419,DB01254,HEPG2
11746,DB01254,HEPG2
18893,DB01254,HEPG2
11965,DB01254,HEPG2
18998,DB01254,HEPG2
11658,DB01254,HME1
9091,DB01254,HME1
18069,DB01254,HME1
9563,DB01254,HME1
8268,DB01254,HME1
4460,DB01254,HME1
938,DB01254,HME1
19154,DB01254,HME1
564,DB01254,HME1
9529,DB01254,HME1
17029,DB01254,HME1
16892,DB01254,HME1
18538,DB01254,HME1
5419,DB01254,HME1
11746,DB01254,HME1
18893,DB01254,HME1
11965,DB01254,HME1
18998,DB01254,HME1
11658,DB01254,HS578T
9091,DB01254,HS578T
18069,DB01254,HS578T
9563,DB01254,HS578T
8268,DB01254,HS578T
4460,DB01254,HS578T
938,DB01254,HS578T
19154,DB01254,HS578T
564,DB01254,HS578T
9529,DB01254,HS578T
17029,DB01254,HS578T
16892,DB01254,HS578T
18538,DB01254,HS578T
5419,DB01254,HS578T
11746,DB01254,HS578T
18893,DB01254,HS578T
11965,DB01254,HS578T
18998,DB01254,HS578T
11658,DB01254,MCF10A
9091,DB01254,MCF10A
18069,DB01254,MCF10A
9563,DB01254,MCF10A
8268,DB01254,MCF10A
4460,DB01254,MCF10A
938,DB01254,MCF10A
19154,DB01254,MCF10A
564,DB01254,MCF10A
9529,DB01254,MCF10A
17029,DB01254,MCF10A
16892,DB01254,MCF10A
18538,DB01254,MCF10A
5419,DB01254,MCF10A
11746,DB01254,MCF10A
18893,DB01254,MCF10A
11965,DB01254,MCF10A
18998,DB01254,MCF10A
11658,DB01254,MDAMB231
9091,DB01254,MDAMB231
18069,DB01254,MDAMB231
9563,DB01254,MDAMB231
8268,DB01254,MDAMB231
4460,DB01254,MDAMB231
938,DB01254,MDAMB231
19154,DB01254,MDAMB231
564,DB01254,MDAMB231
9529,DB01254,MDAMB231
17029,DB01254,MDAMB231
16892,DB01254,MDAMB231
18538,DB01254,MDAMB231
5419,DB01254,MDAMB231
11746,DB01254,MDAMB231
18893,DB01254,MDAMB231
11965,DB01254,MDAMB231
18998,DB01254,MDAMB231
11658,DB01254,SKBR3
9091,DB01254,SKBR3
18069,DB01254,SKBR3
9563,DB01254,SKBR3
8268,DB01254,SKBR3
4460,DB01254,SKBR3
938,DB01254,SKBR3
19154,DB01254,SKBR3
564,DB01254,SKBR3
9529,DB01254,SKBR3
17029,DB01254,SKBR3
16892,DB01254,SKBR3
18538,DB01254,SKBR3
5419,DB01254,SKBR3
11746,DB01254,SKBR3
18893,DB01254,SKBR3
11965,DB01254,SKBR3
18998,DB01254,SKBR3
9831,DB01076,MCF7
11654,DB05015,A375
397,DB05015,A375
4643,DB05015,A375
16961,DB05015,A375
5370,DB05015,A375
2912,DB05015,A375
805,DB05015,A375
7967,DB05015,A375
112,DB05015,A375
11657,DB05015,A375
15914,DB05015,A375
11654,DB05015,A549
397,DB05015,A549
4643,DB05015,A549
16961,DB05015,A549
5370,DB05015,A549
2912,DB05015,A549
805,DB05015,A549
7967,DB05015,A549
112,DB05015,A549
11657,DB05015,A549
15914,DB05015,A549
11654,DB05015,ASC
397,DB05015,ASC
4643,DB05015,ASC
16961,DB05015,ASC
5370,DB05015,ASC
2912,DB05015,ASC
805,DB05015,ASC
7967,DB05015,ASC
112,DB05015,ASC
11657,DB05015,ASC
15914,DB05015,ASC
11654,DB05015,HA1E
397,DB05015,HA1E
4643,DB05015,HA1E
16961,DB05015,HA1E
5370,DB05015,HA1E
2912,DB05015,HA1E
805,DB05015,HA1E
7967,DB05015,HA1E
112,DB05015,HA1E
11657,DB05015,HA1E
15914,DB05015,HA1E
11654,DB05015,HCC515
397,DB05015,HCC515
4643,DB05015,HCC515
16961,DB05015,HCC515
5370,DB05015,HCC515
2912,DB05015,HCC515
805,DB05015,HCC515
7967,DB05015,HCC515
112,DB05015,HCC515
11657,DB05015,HCC515
15914,DB05015,HCC515
11654,DB05015,HEPG2
397,DB05015,HEPG2
4643,DB05015,HEPG2
16961,DB05015,HEPG2
5370,DB05015,HEPG2
2912,DB05015,HEPG2
805,DB05015,HEPG2
7967,DB05015,HEPG2
112,DB05015,HEPG2
11657,DB05015,HEPG2
15914,DB05015,HEPG2
11654,DB05015,HT29
397,DB05015,HT29
4643,DB05015,HT29
16961,DB05015,HT29
5370,DB05015,HT29
2912,DB05015,HT29
805,DB05015,HT29
7967,DB05015,HT29
112,DB05015,HT29
11657,DB05015,HT29
15914,DB05015,HT29
11654,DB05015,MCF7
397,DB05015,MCF7
4643,DB05015,MCF7
16961,DB05015,MCF7
5370,DB05015,MCF7
2912,DB05015,MCF7
805,DB05015,MCF7
7967,DB05015,MCF7
112,DB05015,MCF7
11657,DB05015,MCF7
15914,DB05015,MCF7
11654,DB05015,NEU
397,DB05015,NEU
4643,DB05015,NEU
16961,DB05015,NEU
5370,DB05015,NEU
2912,DB05015,NEU
805,DB05015,NEU
7967,DB05015,NEU
112,DB05015,NEU
11657,DB05015,NEU
15914,DB05015,NEU
11654,DB05015,NPC
397,DB05015,NPC
4643,DB05015,NPC
16961,DB05015,NPC
5370,DB05015,NPC
2912,DB05015,NPC
805,DB05015,NPC
7967,DB05015,NPC
112,DB05015,NPC
11657,DB05015,NPC
15914,DB05015,NPC
11654,DB05015,PC3
397,DB05015,PC3
4643,DB05015,PC3
16961,DB05015,PC3
5370,DB05015,PC3
2912,DB05015,PC3
805,DB05015,PC3
7967,DB05015,PC3
112,DB05015,PC3
11657,DB05015,PC3
15914,DB05015,PC3
11654,DB05015,SKB
397,DB05015,SKB
4643,DB05015,SKB
16961,DB05015,SKB
5370,DB05015,SKB
2912,DB05015,SKB
805,DB05015,SKB
7967,DB05015,SKB
112,DB05015,SKB
11657,DB05015,SKB
15914,DB05015,SKB
11654,DB05015,VCAP
397,DB05015,VCAP
4643,DB05015,VCAP
16961,DB05015,VCAP
5370,DB05015,VCAP
2912,DB05015,VCAP
805,DB05015,VCAP
7967,DB05015,VCAP
112,DB05015,VCAP
11657,DB05015,VCAP
15914,DB05015,VCAP
10597,DB00768,PC3
4404,DB00768,PC3
4384,DB00768,PC3
10609,DB00768,PC3
10600,DB00768,PC3
9703,DB00928,A375
9703,DB00928,A549
9703,DB00928,HT29
9703,DB00928,MCF7
9703,DB00928,PC3
9703,DB00928,VCAP
9703,DB00928,HCC515
9703,DB00928,HEPG2
14864,DB00452,MCF7
827,DB01176,PC3
8710,DB00370,PC3
8710,DB00370,VCAP
12928,DB00523,ASC
14347,DB00523,ASC
4106,DB00523,ASC
12928,DB00523,HT29
14347,DB00523,HT29
4106,DB00523,HT29
12928,DB00523,MCF7
14347,DB00523,MCF7
4106,DB00523,MCF7
12928,DB00523,SKB
14347,DB00523,SKB
4106,DB00523,SKB
12928,DB00523,VCAP
14347,DB00523,VCAP
4106,DB00523,VCAP
12928,DB00523,PC3
14347,DB00523,PC3
4106,DB00523,PC3
12175,DB01136,HCC515
7738,DB01136,HCC515
3954,DB01136,HCC515
17251,DB01136,HCC515
5679,DB01136,HCC515
12175,DB01136,PC3
7738,DB01136,PC3
3954,DB01136,PC3
17251,DB01136,PC3
5679,DB01136,PC3
12175,DB01136,VCAP
7738,DB01136,VCAP
3954,DB01136,VCAP
17251,DB01136,VCAP
5679,DB01136,VCAP
10709,DB01202,PC3
10709,DB01202,A549
10709,DB01202,VCAP
14378,DB04707,MCF7
8267,DB01039,HA1E
14169,DB00641,A375
14169,DB00641,A549
14169,DB00641,ASC
14169,DB00641,MCF7
14169,DB00641,HA1E
14169,DB00641,HCC515
14169,DB00641,HEPG2
14169,DB00641,PC3
14169,DB00641,VCAP
14169,DB00641,HCC15
14169,DB00641,RKO
9634,DB00533,PC3
2635,DB00605,HCC515
9712,DB00605,HCC515
1145,DB00482,A549
8848,DB00482,A549
14603,DB00482,A549
1145,DB00482,MCF7
8848,DB00482,MCF7
14603,DB00482,MCF7
1145,DB00482,PC3
8848,DB00482,PC3
14603,DB00482,PC3
1145,DB00482,VCAP
8848,DB00482,VCAP
14603,DB00482,VCAP
830,DB01041,A549
830,DB01041,HCC515
830,DB01041,RMUGS
9661,DB01782,HT29
1246,DB01782,HT29
13861,DB01782,HT29
10840,DB01782,HT29
9661,DB01782,NPC
1246,DB01782,NPC
13861,DB01782,NPC
10840,DB01782,NPC
9661,DB01782,HCC515
1246,DB01782,HCC515
13861,DB01782,HCC515
10840,DB01782,HCC515
9661,DB01782,VCAP
1246,DB01782,VCAP
13861,DB01782,VCAP
10840,DB01782,VCAP
9661,DB01782,HEPG2
1246,DB01782,HEPG2
13861,DB01782,HEPG2
10840,DB01782,HEPG2
9661,DB01782,MCF7
1246,DB01782,MCF7
13861,DB01782,MCF7
10840,DB01782,MCF7
18685,DB01645,HA1E
14643,DB01645,HA1E
18685,DB01645,HT29
14643,DB01645,HT29
18685,DB01645,SKB
14643,DB01645,SKB
18685,DB01645,VCAP
14643,DB01645,VCAP
2328,DB00205,A549
2328,DB00205,MCF7
2328,DB00205,PC3
2328,DB00205,VCAP
16322,DB00608,AGS
13912,DB12695,A375
5863,DB12695,A375
11849,DB12695,A375
15653,DB12695,A375
4040,DB12695,A375
5635,DB12695,A375
15448,DB12695,A375
16879,DB12695,A375
15545,DB12695,A375
5369,DB12695,A375
1064,DB12695,A375
6666,DB12695,A375
6747,DB12695,A375
7647,DB12695,A375
18923,DB12695,A375
10638,DB12695,A375
11525,DB12695,A375
7102,DB12695,A375
453,DB12695,A375
10562,DB12695,A375
8947,DB12695,A375
2367,DB12695,A375
1531,DB12695,A375
13039,DB12695,A375
13912,DB12695,H1299
5863,DB12695,H1299
11849,DB12695,H1299
15653,DB12695,H1299
4040,DB12695,H1299
5635,DB12695,H1299
15448,DB12695,H1299
16879,DB12695,H1299
15545,DB12695,H1299
5369,DB12695,H1299
1064,DB12695,H1299
6666,DB12695,H1299
6747,DB12695,H1299
7647,DB12695,H1299
18923,DB12695,H1299
10638,DB12695,H1299
11525,DB12695,H1299
7102,DB12695,H1299
453,DB12695,H1299
10562,DB12695,H1299
8947,DB12695,H1299
2367,DB12695,H1299
1531,DB12695,H1299
13039,DB12695,H1299
13912,DB12695,HA1E
5863,DB12695,HA1E
11849,DB12695,HA1E
15653,DB12695,HA1E
4040,DB12695,HA1E
5635,DB12695,HA1E
15448,DB12695,HA1E
16879,DB12695,HA1E
15545,DB12695,HA1E
5369,DB12695,HA1E
1064,DB12695,HA1E
6666,DB12695,HA1E
6747,DB12695,HA1E
7647,DB12695,HA1E
18923,DB12695,HA1E
10638,DB12695,HA1E
11525,DB12695,HA1E
7102,DB12695,HA1E
453,DB12695,HA1E
10562,DB12695,HA1E
8947,DB12695,HA1E
2367,DB12695,HA1E
1531,DB12695,HA1E
13039,DB12695,HA1E
13912,DB12695,HEPG2
5863,DB12695,HEPG2
11849,DB12695,HEPG2
15653,DB12695,HEPG2
4040,DB12695,HEPG2
5635,DB12695,HEPG2
15448,DB12695,HEPG2
16879,DB12695,HEPG2
15545,DB12695,HEPG2
5369,DB12695,HEPG2
1064,DB12695,HEPG2
6666,DB12695,HEPG2
6747,DB12695,HEPG2
7647,DB12695,HEPG2
18923,DB12695,HEPG2
10638,DB12695,HEPG2
11525,DB12695,HEPG2
7102,DB12695,HEPG2
453,DB12695,HEPG2
10562,DB12695,HEPG2
8947,DB12695,HEPG2
2367,DB12695,HEPG2
1531,DB12695,HEPG2
13039,DB12695,HEPG2
13912,DB12695,LOVO
5863,DB12695,LOVO
11849,DB12695,LOVO
15653,DB12695,LOVO
4040,DB12695,LOVO
5635,DB12695,LOVO
15448,DB12695,LOVO
16879,DB12695,LOVO
15545,DB12695,LOVO
5369,DB12695,LOVO
1064,DB12695,LOVO
6666,DB12695,LOVO
6747,DB12695,LOVO
7647,DB12695,LOVO
18923,DB12695,LOVO
10638,DB12695,LOVO
11525,DB12695,LOVO
7102,DB12695,LOVO
453,DB12695,LOVO
10562,DB12695,LOVO
8947,DB12695,LOVO
2367,DB12695,LOVO
1531,DB12695,LOVO
13039,DB12695,LOVO
13912,DB12695,MCF7
5863,DB12695,MCF7
11849,DB12695,MCF7
15653,DB12695,MCF7
4040,DB12695,MCF7
5635,DB12695,MCF7
15448,DB12695,MCF7
16879,DB12695,MCF7
15545,DB12695,MCF7
5369,DB12695,MCF7
1064,DB12695,MCF7
6666,DB12695,MCF7
6747,DB12695,MCF7
7647,DB12695,MCF7
18923,DB12695,MCF7
10638,DB12695,MCF7
11525,DB12695,MCF7
7102,DB12695,MCF7
453,DB12695,MCF7
10562,DB12695,MCF7
8947,DB12695,MCF7
2367,DB12695,MCF7
1531,DB12695,MCF7
13039,DB12695,MCF7
13912,DB12695,PC3
5863,DB12695,PC3
11849,DB12695,PC3
15653,DB12695,PC3
4040,DB12695,PC3
5635,DB12695,PC3
15448,DB12695,PC3
16879,DB12695,PC3
15545,DB12695,PC3
5369,DB12695,PC3
1064,DB12695,PC3
6666,DB12695,PC3
6747,DB12695,PC3
7647,DB12695,PC3
18923,DB12695,PC3
10638,DB12695,PC3
11525,DB12695,PC3
7102,DB12695,PC3
453,DB12695,PC3
10562,DB12695,PC3
8947,DB12695,PC3
2367,DB12695,PC3
1531,DB12695,PC3
13039,DB12695,PC3
13912,DB12695,SKM1
5863,DB12695,SKM1
11849,DB12695,SKM1
15653,DB12695,SKM1
4040,DB12695,SKM1
5635,DB12695,SKM1
15448,DB12695,SKM1
16879,DB12695,SKM1
15545,DB12695,SKM1
5369,DB12695,SKM1
1064,DB12695,SKM1
6666,DB12695,SKM1
6747,DB12695,SKM1
7647,DB12695,SKM1
18923,DB12695,SKM1
10638,DB12695,SKM1
11525,DB12695,SKM1
7102,DB12695,SKM1
453,DB12695,SKM1
10562,DB12695,SKM1
8947,DB12695,SKM1
2367,DB12695,SKM1
1531,DB12695,SKM1
13039,DB12695,SKM1
13912,DB12695,SKMEL28
5863,DB12695,SKMEL28
11849,DB12695,SKMEL28
15653,DB12695,SKMEL28
4040,DB12695,SKMEL28
5635,DB12695,SKMEL28
15448,DB12695,SKMEL28
16879,DB12695,SKMEL28
15545,DB12695,SKMEL28
5369,DB12695,SKMEL28
1064,DB12695,SKMEL28
6666,DB12695,SKMEL28
6747,DB12695,SKMEL28
7647,DB12695,SKMEL28
18923,DB12695,SKMEL28
10638,DB12695,SKMEL28
11525,DB12695,SKMEL28
7102,DB12695,SKMEL28
453,DB12695,SKMEL28
10562,DB12695,SKMEL28
8947,DB12695,SKMEL28
2367,DB12695,SKMEL28
1531,DB12695,SKMEL28
13039,DB12695,SKMEL28
13912,DB12695,SW620
5863,DB12695,SW620
11849,DB12695,SW620
15653,DB12695,SW620
4040,DB12695,SW620
5635,DB12695,SW620
15448,DB12695,SW620
16879,DB12695,SW620
15545,DB12695,SW620
5369,DB12695,SW620
1064,DB12695,SW620
6666,DB12695,SW620
6747,DB12695,SW620
7647,DB12695,SW620
18923,DB12695,SW620
10638,DB12695,SW620
11525,DB12695,SW620
7102,DB12695,SW620
453,DB12695,SW620
10562,DB12695,SW620
8947,DB12695,SW620
2367,DB12695,SW620
1531,DB12695,SW620
13039,DB12695,SW620
13912,DB12695,SW948
5863,DB12695,SW948
11849,DB12695,SW948
15653,DB12695,SW948
4040,DB12695,SW948
5635,DB12695,SW948
15448,DB12695,SW948
16879,DB12695,SW948
15545,DB12695,SW948
5369,DB12695,SW948
1064,DB12695,SW948
6666,DB12695,SW948
6747,DB12695,SW948
7647,DB12695,SW948
18923,DB12695,SW948
10638,DB12695,SW948
11525,DB12695,SW948
7102,DB12695,SW948
453,DB12695,SW948
10562,DB12695,SW948
8947,DB12695,SW948
2367,DB12695,SW948
1531,DB12695,SW948
13039,DB12695,SW948
13912,DB12695,U937
5863,DB12695,U937
11849,DB12695,U937
15653,DB12695,U937
4040,DB12695,U937
5635,DB12695,U937
15448,DB12695,U937
16879,DB12695,U937
15545,DB12695,U937
5369,DB12695,U937
1064,DB12695,U937
6666,DB12695,U937
6747,DB12695,U937
7647,DB12695,U937
18923,DB12695,U937
10638,DB12695,U937
11525,DB12695,U937
7102,DB12695,U937
453,DB12695,U937
10562,DB12695,U937
8947,DB12695,U937
2367,DB12695,U937
1531,DB12695,U937
13039,DB12695,U937
13912,DB12695,VCAP
5863,DB12695,VCAP
11849,DB12695,VCAP
15653,DB12695,VCAP
4040,DB12695,VCAP
5635,DB12695,VCAP
15448,DB12695,VCAP
16879,DB12695,VCAP
15545,DB12695,VCAP
5369,DB12695,VCAP
1064,DB12695,VCAP
6666,DB12695,VCAP
6747,DB12695,VCAP
7647,DB12695,VCAP
18923,DB12695,VCAP
10638,DB12695,VCAP
11525,DB12695,VCAP
7102,DB12695,VCAP
453,DB12695,VCAP
10562,DB12695,VCAP
8947,DB12695,VCAP
2367,DB12695,VCAP
1531,DB12695,VCAP
13039,DB12695,VCAP
13626,DB00197,PC3
10213,DB00197,PC3
14598,DB00197,PC3
13626,DB00197,HT115
10213,DB00197,HT115
14598,DB00197,HT115
13626,DB00197,HT29
10213,DB00197,HT29
14598,DB00197,HT29
6879,DB00513,MCF7
2981,DB02010,A375
9659,DB02010,A375
12062,DB02010,A375
15463,DB02010,A375
10252,DB02010,A375
2658,DB02010,A375
2981,DB02010,A549
9659,DB02010,A549
12062,DB02010,A549
15463,DB02010,A549
10252,DB02010,A549
2658,DB02010,A549
2981,DB02010,HA1E
9659,DB02010,HA1E
12062,DB02010,HA1E
15463,DB02010,HA1E
10252,DB02010,HA1E
2658,DB02010,HA1E
2981,DB02010,HCC515
9659,DB02010,HCC515
12062,DB02010,HCC515
15463,DB02010,HCC515
10252,DB02010,HCC515
2658,DB02010,HCC515
2981,DB02010,HEPG2
9659,DB02010,HEPG2
12062,DB02010,HEPG2
15463,DB02010,HEPG2
10252,DB02010,HEPG2
2658,DB02010,HEPG2
2981,DB02010,HT29
9659,DB02010,HT29
12062,DB02010,HT29
15463,DB02010,HT29
10252,DB02010,HT29
2658,DB02010,HT29
2981,DB02010,MCF7
9659,DB02010,MCF7
12062,DB02010,MCF7
15463,DB02010,MCF7
10252,DB02010,MCF7
2658,DB02010,MCF7
2981,DB02010,PC3
9659,DB02010,PC3
12062,DB02010,PC3
15463,DB02010,PC3
10252,DB02010,PC3
2658,DB02010,PC3
5172,DB00518,A375
8583,DB00518,A375
5172,DB00518,A549
8583,DB00518,A549
5172,DB00518,HT29
8583,DB00518,HT29
5172,DB00518,MCF7
8583,DB00518,MCF7
5172,DB00518,NPC
8583,DB00518,NPC
5172,DB00518,HA1E
8583,DB00518,HA1E
5172,DB00518,HCC515
8583,DB00518,HCC515
5172,DB00518,PC3
8583,DB00518,PC3
5172,DB00518,VCAP
8583,DB00518,VCAP
17549,DB01809,ASC
17549,DB01809,HT29
17549,DB01809,MCF7
17549,DB01809,NPC
17549,DB01809,SKB
17549,DB01809,HA1E
17549,DB01809,HCC515
17549,DB01809,PC3
17549,DB01809,VCAP
1775,DB03791,A549
1775,DB03791,ASC
1775,DB03791,HA1E
1775,DB03791,HCC515
1775,DB03791,PC3
14442,DB00328,A375
17795,DB00328,A375
7850,DB00328,A375
14442,DB00328,PC3
17795,DB00328,PC3
7850,DB00328,PC3
881,DB01197,HT29
638,DB02967,A375
638,DB02967,MCF7
638,DB02967,VCAP
11590,DB03496,A375
3097,DB03496,A375
12994,DB03496,A375
11590,DB03496,A549
3097,DB03496,A549
12994,DB03496,A549
11590,DB03496,ASC
3097,DB03496,ASC
12994,DB03496,ASC
11590,DB03496,HA1E
3097,DB03496,HA1E
12994,DB03496,HA1E
11590,DB03496,HCC515
3097,DB03496,HCC515
12994,DB03496,HCC515
11590,DB03496,HT29
3097,DB03496,HT29
12994,DB03496,HT29
11590,DB03496,MCF7
3097,DB03496,MCF7
12994,DB03496,MCF7
11590,DB03496,NPC
3097,DB03496,NPC
12994,DB03496,NPC
11590,DB03496,PC3
3097,DB03496,PC3
12994,DB03496,PC3
11590,DB03496,PHH
3097,DB03496,PHH
12994,DB03496,PHH
11590,DB03496,SKB
3097,DB03496,SKB
12994,DB03496,SKB
11590,DB03496,HEPG2
3097,DB03496,HEPG2
12994,DB03496,HEPG2
11590,DB03496,VCAP
3097,DB03496,VCAP
12994,DB03496,VCAP
11590,DB03496,BT20
3097,DB03496,BT20
12994,DB03496,BT20
11590,DB03496,HME1
3097,DB03496,HME1
12994,DB03496,HME1
11590,DB03496,HS578T
3097,DB03496,HS578T
12994,DB03496,HS578T
11590,DB03496,LNCAP
3097,DB03496,LNCAP
12994,DB03496,LNCAP
11590,DB03496,MCF10A
3097,DB03496,MCF10A
12994,DB03496,MCF10A
11590,DB03496,MDAMB231
3097,DB03496,MDAMB231
12994,DB03496,MDAMB231
11590,DB03496,SKBR3
3097,DB03496,SKBR3
12994,DB03496,SKBR3
16961,DB00227,A549
16961,DB00227,MCF7
16961,DB00227,NPC
16961,DB00227,HA1E
16961,DB00227,HCC515
16961,DB00227,PC3
16961,DB00227,HEPG2
16961,DB00227,VCAP
5370,DB02546,A375
7967,DB02546,A375
5370,DB02546,A549
7967,DB02546,A549
5370,DB02546,A673
7967,DB02546,A673
5370,DB02546,AGS
7967,DB02546,AGS
5370,DB02546,ASC
7967,DB02546,ASC
5370,DB02546,CL34
7967,DB02546,CL34
5370,DB02546,CORL23
7967,DB02546,CORL23
5370,DB02546,COV644
7967,DB02546,COV644
5370,DB02546,DV90
7967,DB02546,DV90
5370,DB02546,EFO27
7967,DB02546,EFO27
5370,DB02546,H1299
7967,DB02546,H1299
5370,DB02546,HA1E
7967,DB02546,HA1E
5370,DB02546,HCC15
7967,DB02546,HCC15
5370,DB02546,HCC515
7967,DB02546,HCC515
5370,DB02546,HCT116
7967,DB02546,HCT116
5370,DB02546,HEC108
7967,DB02546,HEC108
5370,DB02546,HEPG2
7967,DB02546,HEPG2
5370,DB02546,HT115
7967,DB02546,HT115
5370,DB02546,HT29
7967,DB02546,HT29
5370,DB02546,JHUEM2
7967,DB02546,JHUEM2
5370,DB02546,LOVO
7967,DB02546,LOVO
5370,DB02546,MCF7
7967,DB02546,MCF7
5370,DB02546,MDST8
7967,DB02546,MDST8
5370,DB02546,NCIH1694
7967,DB02546,NCIH1694
5370,DB02546,NCIH1836
7967,DB02546,NCIH1836
5370,DB02546,NCIH2073
7967,DB02546,NCIH2073
5370,DB02546,NCIH508
7967,DB02546,NCIH508
5370,DB02546,NCIH596
7967,DB02546,NCIH596
5370,DB02546,NEU
7967,DB02546,NEU
5370,DB02546,NOMO1
7967,DB02546,NOMO1
5370,DB02546,NPC
7967,DB02546,NPC
5370,DB02546,OV7
7967,DB02546,OV7
5370,DB02546,PC3
7967,DB02546,PC3
5370,DB02546,PHH
7967,DB02546,PHH
5370,DB02546,PL21
7967,DB02546,PL21
5370,DB02546,RKO
7967,DB02546,RKO
5370,DB02546,RMGI
7967,DB02546,RMGI
5370,DB02546,RMUGS
7967,DB02546,RMUGS
5370,DB02546,SKB
7967,DB02546,SKB
5370,DB02546,SKLU1
7967,DB02546,SKLU1
5370,DB02546,SKM1
7967,DB02546,SKM1
5370,DB02546,SKMEL1
7967,DB02546,SKMEL1
5370,DB02546,SKMEL28
7967,DB02546,SKMEL28
5370,DB02546,SNGM
7967,DB02546,SNGM
5370,DB02546,SNUC4
7967,DB02546,SNUC4
5370,DB02546,SNUC5
7967,DB02546,SNUC5
5370,DB02546,SW480
7967,DB02546,SW480
5370,DB02546,SW620
7967,DB02546,SW620
5370,DB02546,SW948
7967,DB02546,SW948
5370,DB02546,T3M10
7967,DB02546,T3M10
5370,DB02546,THP1
7967,DB02546,THP1
5370,DB02546,TYKNU
7967,DB02546,TYKNU
5370,DB02546,U937
7967,DB02546,U937
5370,DB02546,VCAP
7967,DB02546,VCAP
5370,DB02546,WSUDLCL2
7967,DB02546,WSUDLCL2
15365,DB00380,A549
15365,DB00380,PC3
15365,DB00380,VCAP
4140,DB01073,A549
4140,DB01073,VCAP
4140,DB01073,A375
4140,DB01073,PC3
2967,DB00591,A549
4750,DB00591,A549
13690,DB00591,A549
2967,DB00591,HA1E
4750,DB00591,HA1E
13690,DB00591,HA1E
2967,DB00591,HCC515
4750,DB00591,HCC515
13690,DB00591,HCC515
8907,DB04581,VCAP
1896,DB03083,A549
1896,DB03083,ASC
1896,DB03083,HEPG2
1896,DB03083,HT29
1896,DB03083,MCF7
1896,DB03083,NPC
1896,DB03083,PHH
1896,DB03083,HA1E
1896,DB03083,HCC515
1896,DB03083,PC3
1896,DB03083,VCAP
15638,DB04608,A375
15638,DB04608,A549
15638,DB04608,ASC
15638,DB04608,HEPG2
15638,DB04608,HT29
15638,DB04608,MCF7
15638,DB04608,NPC
15638,DB04608,SKB
15638,DB04608,HA1E
15638,DB04608,HCC515
15638,DB04608,PC3
15638,DB04608,VCAP
5174,DB04665,HEPG2
8834,DB00480,A549
14290,DB00480,A549
1007,DB00480,A549
8834,DB00480,HCC515
14290,DB00480,HCC515
1007,DB00480,HCC515
5230,DB00206,A375
14938,DB00206,A375
5230,DB00206,HT29
14938,DB00206,HT29
5230,DB00206,MCF7
14938,DB00206,MCF7
5230,DB00206,HA1E
14938,DB00206,HA1E
5230,DB00206,HCC515
14938,DB00206,HCC515
14354,DB06061,A375
14354,DB06061,A549
14354,DB06061,BT20
14354,DB06061,HA1E
14354,DB06061,HCC515
14354,DB06061,HEPG2
14354,DB06061,HS578T
14354,DB06061,HT29
14354,DB06061,MCF10A
14354,DB06061,MCF7
14354,DB06061,MDAMB231
14354,DB06061,SKBR3
14068,DB00783,VCAP
9951,DB00783,VCAP
10078,DB00783,VCAP
14068,DB00783,HCC515
9951,DB00783,HCC515
10078,DB00783,HCC515
14068,DB00783,PC3
9951,DB00783,PC3
10078,DB00783,PC3
8526,DB00448,MCF7
8526,DB00448,VCAP
1535,DB00502,MCF7
14033,DB06195,A549
14033,DB06195,HEPG2
14033,DB06195,HT29
14033,DB06195,MCF7
14033,DB06195,HA1E
14033,DB06195,HCC515
14033,DB06195,PC3
14033,DB06195,VCAP
14033,DB06195,A375
14033,DB06195,BT20
14033,DB06195,HS578T
14033,DB06195,MDAMB231
14033,DB06195,SKBR3
5354,DB00917,ASC
5354,DB00917,PC3
5354,DB00917,VCAP
112,DB04297,A375
112,DB04297,A549
112,DB04297,ASC
112,DB04297,HA1E
112,DB04297,HCC515
112,DB04297,HEPG2
112,DB04297,HT29
112,DB04297,MCF7
112,DB04297,NEU
112,DB04297,NPC
112,DB04297,PC3
112,DB04297,PHH
112,DB04297,SKB
112,DB04297,VCAP
3254,DB00357,HCC515
3254,DB00357,HEPG2
3254,DB00357,VCAP
7243,DB00421,NPC
7243,DB00421,VCAP
7243,DB00421,HA1E
7243,DB00421,MCF7
4629,DB01009,HA1E
4629,DB01009,VCAP
11409,DB01023,PC3
5658,DB00561,VCAP
16969,DB00561,VCAP
851,DB01032,MCF7
1544,DB01032,MCF7
851,DB01032,PC3
1544,DB01032,PC3
1261,DB00338,MCF7
2451,DB06836,A375
2451,DB06836,A549
2451,DB06836,BT20
2451,DB06836,HA1E
2451,DB06836,HCC515
2451,DB06836,HEPG2
2451,DB06836,HS578T
2451,DB06836,HT29
2451,DB06836,MCF10A
2451,DB06836,MCF7
2451,DB06836,MDAMB231
2451,DB06836,PC3
2451,DB06836,SKBR3
4064,DB03880,AGS
4064,DB03880,HT29
4064,DB03880,MCF7
4064,DB03880,PC3
11111,DB02587,A549
8739,DB02587,A549
16450,DB02587,A549
11111,DB02587,ASC
8739,DB02587,ASC
16450,DB02587,ASC
11111,DB02587,HT29
8739,DB02587,HT29
16450,DB02587,HT29
11111,DB02587,MCF7
8739,DB02587,MCF7
16450,DB02587,MCF7
11111,DB02587,SKB
8739,DB02587,SKB
16450,DB02587,SKB
11111,DB02587,HA1E
8739,DB02587,HA1E
16450,DB02587,HA1E
11111,DB02587,HCC515
8739,DB02587,HCC515
16450,DB02587,HCC515
11111,DB02587,PC3
8739,DB02587,PC3
16450,DB02587,PC3
11111,DB02587,VCAP
8739,DB02587,VCAP
16450,DB02587,VCAP
11950,DB00233,MCF7
10971,DB00233,MCF7
18613,DB07080,ASC
18613,DB07080,MCF7
18613,DB07080,HA1E
18613,DB07080,HCC515
11928,DB03921,MCF7
11928,DB03921,HA1E
11928,DB03921,PC3
1585,DB07232,HEPG2
1585,DB07232,HT115
1585,DB07232,MCF7
1585,DB07232,NCIH508
1585,DB07232,PC3
1585,DB07232,THP1
1585,DB07232,VCAP
1585,DB07232,A549
1585,DB07232,HA1E
1585,DB07232,HCC515
13758,DB07340,A375
13758,DB07340,ASC
13758,DB07340,HT29
13758,DB07340,MCF7
13758,DB07340,PC3
13758,DB07340,PHH
13758,DB07340,SKB
13758,DB07340,VCAP
13476,DB07403,A549
13476,DB07403,HEPG2
13476,DB07403,HT29
13476,DB07403,MCF7
13476,DB07403,PC3
13476,DB07403,SW620
13476,DB07403,THP1
13476,DB07403,U937
4648,DB03777,A375
4648,DB03777,A549
4648,DB03777,HA1E
4648,DB03777,HT29
4648,DB03777,MCF7
4648,DB03777,PC3
4648,DB03777,VCAP
4648,DB03777,A673
4648,DB03777,AGS
4648,DB03777,EFO27
4648,DB03777,HCC515
4648,DB03777,HEC108
4648,DB03777,HEPG2
4648,DB03777,LOVO
4648,DB03777,MDST8
4648,DB03777,NCIH1694
4648,DB03777,NCIH2073
4648,DB03777,NCIH596
4648,DB03777,PL21
4648,DB03777,RMUGS
4648,DB03777,SKM1
4648,DB03777,SNUC4
4648,DB03777,SW620
4648,DB03777,SW948
4648,DB03777,THP1
4648,DB03777,U937
4648,DB03777,WSUDLCL2
9856,DB04751,A375
17157,DB04751,A375
9856,DB04751,A549
17157,DB04751,A549
9856,DB04751,HA1E
17157,DB04751,HA1E
9856,DB04751,HCC515
17157,DB04751,HCC515
9856,DB04751,HT29
17157,DB04751,HT29
9856,DB04751,MCF7
17157,DB04751,MCF7
9856,DB04751,PC3
17157,DB04751,PC3
9856,DB04751,VCAP
17157,DB04751,VCAP
14925,DB02255,MCF7
14925,DB02255,HA1E
14925,DB02255,HCC515
14925,DB02255,VCAP
10738,DB07970,MCF7
10738,DB07970,VCAP
10738,DB07970,HA1E
10738,DB07970,HCC515
10738,DB07970,HEPG2
10738,DB07970,PC3
38,DB08009,A375
38,DB08009,A549
38,DB08009,CL34
38,DB08009,COV644
38,DB08009,H1299
38,DB08009,HA1E
38,DB08009,HCC515
38,DB08009,HCT116
38,DB08009,HT29
38,DB08009,LOVO
38,DB08009,MCF7
38,DB08009,NCIH2073
38,DB08009,PC3
38,DB08009,RMGI
38,DB08009,RMUGS
38,DB08009,SKMEL28
38,DB08009,SNU1040
38,DB08009,SNUC4
38,DB08009,SW480
38,DB08009,TYKNU
38,DB08009,VCAP
9212,DB08080,A375
12468,DB08080,A375
9212,DB08080,A549
12468,DB08080,A549
9212,DB08080,ASC
12468,DB08080,ASC
9212,DB08080,HCC515
12468,DB08080,HCC515
9212,DB08080,HT29
12468,DB08080,HT29
9212,DB08080,MCF7
12468,DB08080,MCF7
9212,DB08080,PC3
12468,DB08080,PC3
9212,DB08080,PHH
12468,DB08080,PHH
9212,DB08080,SKB
12468,DB08080,SKB
9212,DB08080,VCAP
12468,DB08080,VCAP
9212,DB08080,HA1E
12468,DB08080,HA1E
6611,DB08162,A375
6611,DB08162,HA1E
15637,DB03203,A375
15637,DB03203,A549
15637,DB03203,HA1E
15637,DB03203,MCF7
15637,DB03203,PC3
16297,DB08348,A375
16297,DB08348,HA1E
16297,DB08348,HCC515
16297,DB08348,HT29
16297,DB08348,MCF7
16297,DB08348,SKM1
16297,DB08348,SKMEL28
16297,DB08348,SW620
16297,DB08348,VCAP
6701,DB06616,A549
2624,DB06616,A549
14910,DB06616,A549
6701,DB06616,ASC
2624,DB06616,ASC
14910,DB06616,ASC
6701,DB06616,HA1E
2624,DB06616,HA1E
14910,DB06616,HA1E
6701,DB06616,HCC515
2624,DB06616,HCC515
14910,DB06616,HCC515
6701,DB06616,HEPG2
2624,DB06616,HEPG2
14910,DB06616,HEPG2
6701,DB06616,HT29
2624,DB06616,HT29
14910,DB06616,HT29
6701,DB06616,MCF7
2624,DB06616,MCF7
14910,DB06616,MCF7
6701,DB06616,PC3
2624,DB06616,PC3
14910,DB06616,PC3
6701,DB06616,PHH
2624,DB06616,PHH
14910,DB06616,PHH
6701,DB06616,SKB
2624,DB06616,SKB
14910,DB06616,SKB
6701,DB06616,VCAP
2624,DB06616,VCAP
14910,DB06616,VCAP
6701,DB06616,A375
2624,DB06616,A375
14910,DB06616,A375
6105,DB00472,A375
6105,DB00472,A549
6105,DB00472,MCF7
6105,DB00472,HEPG2
6105,DB00472,PC3
6105,DB00472,VCAP
8490,DB00491,VCAP
7272,DB00491,VCAP
3383,DB08912,A375
13185,DB08912,A375
8171,DB08912,A375
3383,DB08912,A549
13185,DB08912,A549
8171,DB08912,A549
3383,DB08912,HA1E
13185,DB08912,HA1E
8171,DB08912,HA1E
3383,DB08912,HCC515
13185,DB08912,HCC515
8171,DB08912,HCC515
3383,DB08912,HEPG2
13185,DB08912,HEPG2
8171,DB08912,HEPG2
3383,DB08912,HT29
13185,DB08912,HT29
8171,DB08912,HT29
3383,DB08912,MCF7
13185,DB08912,MCF7
8171,DB08912,MCF7
3383,DB08912,PC3
13185,DB08912,PC3
8171,DB08912,PC3
8683,DB08916,A549
8683,DB08916,ASC
8683,DB08916,HA1E
8683,DB08916,HCC515
8683,DB08916,HEPG2
8683,DB08916,HT29
8683,DB08916,MCF7
8683,DB08916,PC3
8683,DB08916,SKB
8683,DB08916,VCAP
12343,DB01138,MCF7
15918,DB01026,MCF7
15918,DB01026,PC3
15918,DB01026,VCAP
9918,DB01092,A375
17535,DB01092,A375
9918,DB01092,A549
17535,DB01092,A549
9918,DB01092,ASC
17535,DB01092,ASC
9918,DB01092,HEPG2
17535,DB01092,HEPG2
9918,DB01092,HT29
17535,DB01092,HT29
9918,DB01092,MCF7
17535,DB01092,MCF7
9918,DB01092,NEU
17535,DB01092,NEU
9918,DB01092,NPC
17535,DB01092,NPC
9918,DB01092,SKB
17535,DB01092,SKB
9918,DB01092,HA1E
17535,DB01092,HA1E
9918,DB01092,PC3
17535,DB01092,PC3
14526,DB04209,MCF7
14526,DB04209,PC3
9238,DB03756,A375
9238,DB03756,HT29
16040,DB11156,MCF7
6365,DB00834,MCF7
6365,DB00834,VCAP
17418,DB06774,A375
17418,DB06774,A549
17418,DB06774,HA1E
17418,DB06774,HCC515
17418,DB06774,OV7
17418,DB06774,PC3
17418,DB06774,VCAP
3024,DB00903,MCF7
3024,DB00903,VCAP
